Zip , Population
06390 ,296
10001 ,"22,767"
10002 ,"79,894"
10003 ,"57,068"
10004 ,"3,024"
10005 ,"7,570"
10006 ,"2,950"
10007 ,"6,748"
10009 ,"61,806"
10010 ,"30,708"
10011 ,"52,941"
10012 ,"24,846"
10013 ,"26,937"
10014 ,"31,835"
10016 ,"50,112"
10017 ,"16,278"
10018 ,"8,062"
10019 ,"38,752"
10020 ,1
10021 ,"42,142"
10022 ,"29,699"
10023 ,"60,762"
10024 ,"59,249"
10025 ,"97,373"
10026 ,"38,372"
10027 ,"63,057"
10028 ,"46,169"
10029 ,"77,857"
10030 ,"29,530"
10031 ,"58,912"
10032 ,"59,069"
10033 ,"60,520"
10034 ,"42,672"
10035 ,"34,760"
10036 ,"24,127"
10037 ,"18,041"
10038 ,"20,997"
10039 ,"25,952"
10040 ,"45,278"
10044 ,"12,050"
10065 ,"31,761"
10069 ,"5,523"
10075 ,"24,377"
10103 ,3
10110 ,1
10119 ,92
10128 ,"62,447"
10162 ,"1,252"
10165 ,2
10170 ,2
10171 ,1
10173 ,2
10199 ,9
10280 ,"8,817"
10282 ,"5,903"
10301 ,"39,367"
10302 ,"18,043"
10303 ,"24,348"
10304 ,"41,864"
10305 ,"41,471"
10306 ,"54,888"
10307 ,"15,006"
10308 ,"29,805"
10309 ,"33,382"
10310 ,"24,719"
10312 ,"61,105"
10314 ,"87,524"
10451 ,"47,818"
10452 ,"75,252"
10453 ,"79,002"
10454 ,"38,751"
10455 ,"39,951"
10456 ,"91,737"
10457 ,"71,015"
10458 ,"76,276"
10459 ,"48,269"
10460 ,"58,676"
10461 ,"52,435"
10462 ,"76,114"
10463 ,"71,238"
10464 ,"4,532"
10465 ,"46,360"
10466 ,"69,657"
10467 ,"99,251"
10468 ,"72,683"
10469 ,"72,241"
10470 ,"14,880"
10471 ,"21,935"
10472 ,"69,659"
10473 ,"59,948"
10474 ,"12,223"
10475 ,"44,582"
10501 ,"1,073"
10502 ,"5,396"
10503 ,172
10504 ,"7,885"
10505 ,785
10506 ,"5,303"
10507 ,"7,039"
10509 ,"19,605"
10510 ,"10,391"
10511 ,"2,349"
10512 ,"25,467"
10514 ,"12,915"
10516 ,"5,327"
10517 ,756
10518 ,"1,505"
10519 ,181
10520 ,"13,107"
10522 ,"11,001"
10523 ,"8,563"
10524 ,"4,402"
10526 ,"1,714"
10527 ,"1,156"
10528 ,"12,720"
10530 ,"12,431"
10532 ,"4,906"
10533 ,"7,484"
10535 ,573
10536 ,"10,725"
10537 ,"1,952"
10538 ,"16,803"
10541 ,"26,355"
10543 ,"20,250"
10545 ,135
10546 ,"1,149"
10547 ,"6,913"
10548 ,"3,214"
10549 ,"16,165"
10550 ,"37,421"
10552 ,"20,339"
10553 ,"10,032"
10560 ,"4,742"
10562 ,"31,453"
10566 ,"23,875"
10567 ,"20,197"
10570 ,"12,592"
10573 ,"38,656"
10576 ,"4,842"
10577 ,"6,269"
10578 ,589
10579 ,"9,264"
10580 ,"17,322"
10583 ,"39,510"
10588 ,"2,518"
10589 ,"9,376"
10590 ,"7,026"
10591 ,"23,037"
10594 ,"5,201"
10595 ,"8,577"
10596 ,"1,629"
10597 ,"1,128"
10598 ,"29,699"
10601 ,"11,524"
10603 ,"17,924"
10604 ,"11,397"
10605 ,"17,671"
10606 ,"17,293"
10607 ,"6,727"
10701 ,"59,628"
10703 ,"20,894"
10704 ,"31,198"
10705 ,"39,817"
10706 ,"8,734"
10707 ,"10,525"
10708 ,"22,497"
10709 ,"9,347"
10710 ,"27,388"
10801 ,"41,265"
10803 ,"12,523"
10804 ,"14,850"
10805 ,"18,898"
10901 ,"23,195"
10910 ,24
10911 ,2
10913 ,"5,657"
10914 ,421
10915 ,168
10916 ,"4,374"
10917 ,"1,959"
10918 ,"11,700"
10919 ,"1,647"
10920 ,"8,682"
10921 ,"4,138"
10922 ,"1,406"
10923 ,"8,705"
10924 ,"13,153"
10925 ,"4,300"
10926 ,"3,256"
10927 ,"12,060"
10928 ,"4,029"
10930 ,"8,938"
10931 ,908
10932 ,33
10933 ,797
10940 ,"48,512"
10941 ,"13,572"
10950 ,"48,838"
10952 ,"41,619"
10953 ,123
10954 ,"23,678"
10956 ,"31,090"
10958 ,"2,929"
10960 ,"15,637"
10962 ,"5,677"
10963 ,"4,219"
10964 ,"1,711"
10965 ,"14,878"
10968 ,"2,301"
10969 ,"1,665"
10970 ,"9,716"
10973 ,"2,646"
10974 ,"3,166"
10975 ,328
10976 ,"2,266"
10977 ,"60,650"
10979 ,201
10980 ,"13,746"
10983 ,"5,727"
10984 ,"3,117"
10985 ,14
10986 ,"1,887"
10987 ,"3,279"
10988 ,947
10989 ,"10,113"
10990 ,"20,029"
10992 ,"9,324"
10993 ,"5,069"
10994 ,"6,931"
10996 ,"6,892"
10998 ,"2,699"
11001 ,"27,156"
11003 ,"44,907"
11004 ,"14,045"
11005 ,"2,123"
11010 ,"25,054"
11020 ,"6,120"
11021 ,"17,478"
11023 ,"9,955"
11024 ,"7,789"
11030 ,"17,295"
11040 ,"40,799"
11042 ,542
11050 ,"30,583"
11096 ,"7,884"
11101 ,"25,317"
11102 ,"35,027"
11103 ,"38,257"
11104 ,"26,555"
11105 ,"36,816"
11106 ,"38,633"
11109 ,"4,337"
11201 ,"56,488"
11203 ,"77,011"
11204 ,"80,349"
11205 ,"43,320"
11206 ,"83,180"
11207 ,"93,465"
11208 ,"92,262"
11209 ,"72,582"
11210 ,"67,042"
11211 ,"94,681"
11212 ,"87,751"
11213 ,"62,756"
11214 ,"88,297"
11215 ,"70,156"
11216 ,"54,440"
11217 ,"38,567"
11218 ,"75,132"
11219 ,"98,719"
11220 ,"101,715"
11221 ,"83,773"
11222 ,"34,580"
11223 ,"76,651"
11224 ,"42,698"
11225 ,"59,613"
11226 ,"98,299"
11228 ,"46,059"
11229 ,"81,351"
11230 ,"87,064"
11231 ,"34,605"
11232 ,"29,452"
11233 ,"69,637"
11234 ,"95,610"
11235 ,"75,622"
11236 ,"97,714"
11237 ,"55,258"
11238 ,"51,959"
11239 ,"12,943"
11354 ,"56,433"
11355 ,"83,799"
11356 ,"23,800"
11357 ,"40,588"
11358 ,"37,634"
11360 ,"19,916"
11361 ,"30,352"
11362 ,"17,897"
11363 ,"7,625"
11364 ,"34,902"
11365 ,"43,138"
11366 ,"13,146"
11367 ,"41,582"
11368 ,"110,385"
11369 ,"39,862"
11370 ,"36,271"
11372 ,"63,202"
11373 ,"100,713"
11374 ,"41,792"
11375 ,"69,652"
11377 ,"88,939"
11378 ,"30,854"
11379 ,"35,725"
11385 ,"100,132"
11411 ,"19,177"
11412 ,"37,690"
11413 ,"41,689"
11414 ,"28,742"
11415 ,"19,020"
11416 ,"25,973"
11417 ,"31,556"
11418 ,"36,751"
11419 ,"48,370"
11420 ,"50,162"
11421 ,"42,745"
11422 ,"32,589"
11423 ,"32,053"
11426 ,"19,348"
11427 ,"23,460"
11428 ,"20,461"
11429 ,"27,506"
11430 ,171
11432 ,"62,395"
11433 ,"37,927"
11434 ,"65,255"
11435 ,"54,523"
11436 ,"18,609"
11501 ,"19,155"
11507 ,"7,224"
11509 ,"2,232"
11510 ,"33,430"
11514 ,"5,197"
11516 ,"7,513"
11518 ,"10,065"
11520 ,"43,632"
11530 ,"28,155"
11542 ,"27,691"
11545 ,"12,653"
11547 ,797
11548 ,"2,328"
11549 ,"2,337"
11550 ,"57,224"
11552 ,"22,949"
11553 ,"26,506"
11554 ,"37,513"
11556 ,17
11557 ,"7,364"
11558 ,"8,646"
11559 ,"8,402"
11560 ,"6,334"
11561 ,"37,599"
11563 ,"22,984"
11565 ,"8,820"
11566 ,"33,791"
11568 ,"4,240"
11569 ,"1,284"
11570 ,"27,896"
11572 ,"28,901"
11575 ,"16,674"
11576 ,"12,325"
11577 ,"12,788"
11579 ,"5,336"
11580 ,"41,525"
11581 ,"20,956"
11590 ,"45,972"
11596 ,"10,638"
11598 ,"12,927"
11691 ,"62,577"
11692 ,"17,970"
11693 ,"11,338"
11694 ,"21,507"
11697 ,"4,078"
11701 ,"27,423"
11702 ,"14,512"
11703 ,"16,249"
11704 ,"40,685"
11705 ,"7,571"
11706 ,"65,865"
11709 ,"6,724"
11710 ,"35,151"
11713 ,"9,530"
11714 ,"23,313"
11715 ,"4,335"
11716 ,"11,134"
11717 ,"59,449"
11718 ,"3,117"
11719 ,"3,372"
11720 ,"29,374"
11721 ,"6,482"
11722 ,"37,181"
11724 ,"2,853"
11725 ,"28,646"
11726 ,"21,102"
11727 ,"29,987"
11729 ,"27,409"
11730 ,"14,204"
11731 ,"28,969"
11732 ,"3,671"
11733 ,"17,065"
11735 ,"32,499"
11738 ,"17,643"
11739 ,"1,421"
11740 ,"9,507"
11741 ,"28,651"
11742 ,"13,229"
11743 ,"43,533"
11746 ,"68,580"
11747 ,"19,793"
11749 ,"3,346"
11751 ,"14,679"
11752 ,"9,351"
11753 ,"11,657"
11754 ,"19,201"
11755 ,"12,329"
11756 ,"42,321"
11757 ,"44,923"
11758 ,"55,900"
11762 ,"23,053"
11763 ,"29,217"
11764 ,"12,969"
11765 ,745
11766 ,"12,718"
11767 ,"15,259"
11768 ,"21,687"
11769 ,"8,716"
11770 ,102
11771 ,"9,344"
11772 ,"45,262"
11776 ,"25,675"
11777 ,"9,448"
11778 ,"12,747"
11779 ,"38,733"
11780 ,"15,099"
11782 ,"15,045"
11783 ,"21,170"
11784 ,"26,312"
11786 ,"6,550"
11787 ,"36,357"
11788 ,"16,167"
11789 ,"7,659"
11790 ,"18,627"
11791 ,"25,213"
11792 ,"8,941"
11793 ,"32,710"
11794 ,"3,317"
11795 ,"25,536"
11796 ,"4,012"
11797 ,"8,645"
11798 ,"15,362"
11801 ,"39,805"
11803 ,"28,445"
11804 ,"5,000"
11901 ,"30,631"
11930 ,"1,565"
11931 ,36
11932 ,"1,008"
11933 ,"6,358"
11934 ,"7,929"
11935 ,"3,263"
11937 ,"15,446"
11939 ,932
11940 ,"4,982"
11941 ,"1,929"
11942 ,"4,092"
11944 ,"4,338"
11946 ,"13,312"
11947 ,138
11948 ,"1,315"
11949 ,"14,340"
11950 ,"16,969"
11951 ,"13,401"
11952 ,"4,518"
11953 ,"12,688"
11954 ,"3,471"
11955 ,"2,780"
11956 ,298
11957 ,713
11958 ,366
11959 ,877
11960 ,744
11961 ,"12,041"
11962 ,452
11963 ,"6,811"
11964 ,"2,048"
11965 ,621
11967 ,"27,115"
11968 ,"10,718"
11970 ,466
11971 ,"6,376"
11972 ,"1,295"
11973 ,40
11975 ,359
11976 ,"2,301"
11977 ,"2,570"
11978 ,"2,963"
11980 ,"4,856"
12007 ,33
12008 ,480
12009 ,"7,264"
12010 ,"28,926"
12015 ,"2,789"
12017 ,332
12018 ,"7,919"
12019 ,"14,893"
12020 ,"31,729"
12022 ,944
12023 ,"2,120"
12024 ,94
12025 ,"5,471"
12027 ,"3,731"
12028 ,"1,024"
12029 ,"1,105"
12031 ,114
12032 ,836
12033 ,"7,886"
12035 ,798
12036 ,202
12037 ,"4,416"
12040 ,132
12041 ,500
12042 ,158
12043 ,"8,396"
12045 ,325
12046 ,772
12047 ,"20,086"
12051 ,"7,030"
12052 ,"1,477"
12053 ,"4,605"
12054 ,"17,139"
12056 ,"2,319"
12057 ,"2,130"
12058 ,"1,586"
12059 ,"1,698"
12060 ,"1,324"
12061 ,"9,747"
12062 ,"1,677"
12063 ,479
12064 ,392
12065 ,"42,249"
12066 ,"2,120"
12067 ,"1,551"
12068 ,"3,006"
12069 ,147
12070 ,"1,607"
12071 ,255
12072 ,"2,697"
12074 ,"2,849"
12075 ,"3,120"
12076 ,"1,582"
12077 ,"6,481"
12078 ,"24,072"
12083 ,"3,639"
12084 ,"4,281"
12085 ,507
12086 ,"1,503"
12087 ,886
12089 ,140
12090 ,"6,175"
12092 ,884
12093 ,"1,812"
12094 ,"2,550"
12095 ,"12,166"
12106 ,"2,380"
12108 ,445
12110 ,"21,837"
12115 ,304
12116 ,"1,949"
12117 ,"3,426"
12118 ,"14,569"
12120 ,700
12121 ,"1,739"
12122 ,"4,372"
12123 ,"5,293"
12124 ,718
12125 ,"1,434"
12130 ,"1,025"
12131 ,114
12132 ,235
12134 ,"3,736"
12136 ,682
12137 ,"1,901"
12138 ,"3,247"
12139 ,226
12140 ,"1,461"
12143 ,"5,104"
12144 ,"20,244"
12147 ,603
12148 ,"4,428"
12149 ,"2,415"
12150 ,842
12151 ,684
12153 ,786
12154 ,"2,961"
12155 ,"1,934"
12156 ,955
12157 ,"4,272"
12158 ,"6,775"
12159 ,"7,878"
12160 ,"1,058"
12161 ,87
12164 ,370
12165 ,188
12166 ,"1,314"
12167 ,"2,561"
12168 ,"1,937"
12169 ,346
12170 ,"4,894"
12172 ,310
12173 ,"1,731"
12174 ,251
12175 ,770
12176 ,385
12177 ,596
12180 ,"53,218"
12182 ,"14,937"
12183 ,"2,612"
12184 ,"6,851"
12185 ,"2,180"
12186 ,"6,266"
12187 ,522
12188 ,"11,138"
12189 ,"17,675"
12190 ,856
12192 ,"2,089"
12193 ,"1,915"
12194 ,155
12195 ,175
12196 ,"3,214"
12197 ,"2,560"
12198 ,"7,723"
12202 ,"9,066"
12203 ,"30,926"
12204 ,"7,277"
12205 ,"27,395"
12206 ,"15,757"
12207 ,"1,506"
12208 ,"21,417"
12209 ,"11,844"
12210 ,"9,147"
12211 ,"11,503"
12222 ,"5,966"
12302 ,"27,809"
12303 ,"29,906"
12304 ,"22,537"
12305 ,"4,923"
12306 ,"25,494"
12307 ,"6,951"
12308 ,"15,187"
12309 ,"29,992"
12401 ,"34,752"
12404 ,"3,835"
12405 ,558
12406 ,729
12407 ,137
12409 ,673
12410 ,696
12411 ,475
12412 ,574
12413 ,"2,645"
12414 ,"10,463"
12416 ,62
12417 ,762
12418 ,408
12419 ,446
12420 ,569
12421 ,411
12422 ,244
12423 ,"1,016"
12424 ,246
12427 ,620
12428 ,"6,709"
12429 ,128
12430 ,"1,034"
12431 ,"1,338"
12432 ,530
12433 ,493
12434 ,515
12435 ,274
12436 ,500
12438 ,55
12439 ,303
12440 ,"2,008"
12441 ,34
12442 ,881
12443 ,"3,710"
12444 ,386
12446 ,"4,633"
12448 ,514
12449 ,"3,301"
12450 ,89
12451 ,"1,986"
12452 ,237
12453 ,417
12454 ,292
12455 ,"1,978"
12456 ,690
12457 ,743
12458 ,"3,281"
12459 ,205
12460 ,434
12461 ,"2,088"
12463 ,"1,006"
12464 ,963
12465 ,238
12466 ,"2,180"
12468 ,"1,077"
12469 ,707
12470 ,537
12471 ,672
12472 ,"1,646"
12473 ,"1,363"
12474 ,"1,467"
12475 ,240
12477 ,"18,797"
12480 ,594
12481 ,"1,119"
12482 ,729
12483 ,385
12484 ,"2,884"
12485 ,822
12486 ,"1,461"
12487 ,"3,243"
12489 ,943
12490 ,110
12491 ,"1,799"
12492 ,348
12493 ,313
12494 ,662
12495 ,294
12496 ,"1,632"
12498 ,"4,800"
12501 ,"2,710"
12502 ,"1,114"
12503 ,874
12504 ,"1,260"
12507 ,200
12508 ,"19,742"
12512 ,129
12513 ,596
12514 ,"3,273"
12515 ,"1,284"
12516 ,"2,168"
12517 ,631
12518 ,"5,889"
12520 ,"3,042"
12521 ,"1,470"
12522 ,"5,159"
12523 ,"1,725"
12524 ,"15,984"
12525 ,"2,882"
12526 ,"3,763"
12527 ,134
12528 ,"13,066"
12529 ,"2,515"
12530 ,55
12531 ,"3,492"
12533 ,"25,936"
12534 ,"17,846"
12538 ,"13,900"
12540 ,"7,634"
12542 ,"6,088"
12543 ,"3,035"
12545 ,"4,764"
12546 ,"2,960"
12547 ,"2,947"
12548 ,"1,352"
12549 ,"11,138"
12550 ,"54,903"
12553 ,"25,395"
12561 ,"18,423"
12563 ,"8,106"
12564 ,"7,224"
12565 ,"1,450"
12566 ,"10,596"
12567 ,"2,928"
12569 ,"9,990"
12570 ,"7,533"
12571 ,"10,191"
12572 ,"8,859"
12574 ,352
12575 ,"1,970"
12577 ,"1,526"
12578 ,"2,372"
12580 ,"4,539"
12581 ,"1,936"
12582 ,"6,165"
12583 ,"2,524"
12585 ,901
12586 ,"12,035"
12589 ,"18,005"
12590 ,"35,148"
12592 ,"1,196"
12594 ,"4,180"
12601 ,"42,608"
12603 ,"43,411"
12604 ,660
12701 ,"10,917"
12719 ,"1,275"
12720 ,187
12721 ,"5,743"
12722 ,199
12723 ,"2,090"
12724 ,368
12725 ,194
12726 ,"1,312"
12729 ,"2,183"
12732 ,787
12733 ,"1,666"
12734 ,728
12736 ,201
12737 ,"2,062"
12738 ,650
12740 ,"1,867"
12741 ,304
12742 ,290
12743 ,252
12745 ,192
12746 ,"1,376"
12747 ,"1,722"
12748 ,"1,825"
12749 ,337
12750 ,118
12751 ,"1,154"
12752 ,150
12754 ,"6,952"
12758 ,"4,529"
12759 ,"1,910"
12760 ,505
12762 ,395
12763 ,709
12764 ,"1,607"
12765 ,"1,033"
12766 ,482
12767 ,140
12768 ,758
12769 ,82
12770 ,245
12771 ,"14,041"
12775 ,"2,180"
12776 ,"2,123"
12777 ,757
12778 ,211
12779 ,"2,109"
12780 ,"2,152"
12781 ,346
12783 ,"2,425"
12784 ,51
12785 ,"1,095"
12786 ,292
12787 ,490
12788 ,"2,885"
12789 ,"1,855"
12790 ,"4,671"
12791 ,646
12792 ,300
12801 ,"14,574"
12803 ,"8,093"
12804 ,"26,477"
12808 ,414
12809 ,"3,461"
12810 ,654
12811 ,92
12812 ,130
12814 ,"1,477"
12815 ,"1,056"
12816 ,"4,329"
12817 ,"2,358"
12819 ,316
12821 ,"2,178"
12822 ,"6,287"
12823 ,351
12824 ,991
12827 ,"3,705"
12828 ,"9,291"
12831 ,"17,614"
12832 ,"6,624"
12833 ,"4,111"
12834 ,"6,243"
12835 ,"2,353"
12836 ,670
12837 ,"1,032"
12838 ,601
12839 ,"13,784"
12841 ,89
12842 ,956
12843 ,372
12844 ,206
12845 ,"4,864"
12846 ,"3,289"
12847 ,418
12849 ,564
12850 ,"3,137"
12851 ,221
12852 ,493
12853 ,"1,351"
12855 ,172
12856 ,66
12857 ,533
12858 ,56
12859 ,"2,368"
12860 ,815
12861 ,698
12862 ,5
12863 ,655
12864 ,28
12865 ,"3,876"
12866 ,"37,268"
12870 ,"1,122"
12871 ,"4,282"
12872 ,76
12873 ,598
12874 ,139
12878 ,832
12883 ,"5,020"
12884 ,293
12885 ,"4,595"
12886 ,244
12887 ,"5,695"
12901 ,"32,843"
12903 ,"1,086"
12910 ,"2,046"
12911 ,49
12912 ,"1,982"
12913 ,"1,280"
12914 ,"1,053"
12916 ,"2,225"
12917 ,"1,198"
12918 ,"2,389"
12919 ,"2,903"
12920 ,"2,813"
12921 ,"2,328"
12922 ,36
12923 ,635
12924 ,114
12926 ,"1,954"
12927 ,228
12928 ,"1,843"
12929 ,"3,778"
12930 ,875
12932 ,"1,357"
12933 ,12
12934 ,"1,066"
12935 ,"1,676"
12936 ,517
12937 ,"1,723"
12939 ,227
12941 ,"1,530"
12942 ,791
12943 ,207
12944 ,"4,386"
12945 ,476
12946 ,"5,124"
12950 ,956
12952 ,402
12953 ,"15,679"
12955 ,465
12956 ,"1,260"
12957 ,"1,702"
12958 ,"1,843"
12959 ,"1,532"
12960 ,"1,443"
12961 ,298
12962 ,"6,009"
12964 ,113
12965 ,454
12966 ,"3,352"
12967 ,"1,361"
12969 ,391
12970 ,972
12972 ,"6,448"
12973 ,219
12974 ,"1,393"
12975 ,281
12976 ,163
12977 ,"1,733"
12978 ,315
12979 ,"2,433"
12980 ,"1,122"
12981 ,"2,612"
12983 ,"7,958"
12985 ,"1,315"
12986 ,"6,176"
12987 ,244
12989 ,957
12992 ,"4,697"
12993 ,"1,619"
12996 ,"1,905"
12997 ,"1,296"
12998 ,391
13020 ,145
13021 ,"39,326"
13024 ,"1,649"
13026 ,"1,799"
13027 ,"31,724"
13028 ,"1,452"
13029 ,"7,506"
13030 ,"3,792"
13031 ,"15,345"
13032 ,"13,230"
13033 ,"3,939"
13034 ,"1,857"
13035 ,"8,543"
13036 ,"8,465"
13037 ,"8,549"
13039 ,"17,759"
13040 ,"2,482"
13041 ,"11,023"
13042 ,"2,799"
13044 ,"2,352"
13045 ,"30,009"
13051 ,129
13052 ,"1,745"
13053 ,"4,283"
13054 ,"1,536"
13057 ,"14,547"
13060 ,"2,461"
13061 ,"1,193"
13062 ,303
13063 ,"1,901"
13064 ,26
13066 ,"11,809"
13068 ,"5,697"
13069 ,"25,297"
13071 ,989
13072 ,832
13073 ,"6,520"
13074 ,"4,467"
13076 ,"2,451"
13077 ,"6,673"
13078 ,"10,273"
13080 ,"3,997"
13081 ,"1,062"
13082 ,"4,735"
13083 ,"1,704"
13084 ,"4,303"
13087 ,177
13088 ,"22,012"
13090 ,"30,295"
13092 ,"2,527"
13101 ,"2,648"
13102 ,27
13103 ,575
13104 ,"16,266"
13108 ,"6,460"
13110 ,"2,313"
13111 ,"1,496"
13112 ,"2,200"
13113 ,238
13114 ,"6,761"
13115 ,172
13116 ,"3,492"
13117 ,143
13118 ,"6,288"
13120 ,"2,162"
13122 ,"1,136"
13123 ,184
13124 ,109
13126 ,"37,190"
13131 ,"3,682"
13132 ,"3,420"
13134 ,39
13135 ,"6,990"
13136 ,464
13138 ,21
13140 ,"4,353"
13141 ,616
13142 ,"6,141"
13143 ,"2,870"
13144 ,"1,839"
13145 ,"1,909"
13146 ,"2,036"
13147 ,"1,372"
13148 ,"10,647"
13152 ,"8,178"
13153 ,174
13155 ,643
13156 ,"2,162"
13157 ,718
13158 ,"1,676"
13159 ,"5,357"
13160 ,"2,167"
13162 ,637
13163 ,342
13164 ,"2,448"
13165 ,"10,919"
13166 ,"5,565"
13167 ,"3,056"
13202 ,"5,745"
13203 ,"16,437"
13204 ,"19,984"
13205 ,"18,788"
13206 ,"15,997"
13207 ,"13,352"
13208 ,"22,490"
13209 ,"13,047"
13210 ,"27,905"
13211 ,"6,819"
13212 ,"20,348"
13214 ,"8,938"
13215 ,"15,409"
13219 ,"15,318"
13224 ,"8,767"
13301 ,71
13302 ,"1,551"
13303 ,"1,213"
13304 ,"1,600"
13305 ,387
13308 ,"2,973"
13309 ,"5,940"
13310 ,555
13312 ,408
13313 ,555
13314 ,606
13315 ,"1,450"
13316 ,"6,655"
13317 ,"3,787"
13318 ,"1,190"
13319 ,"1,164"
13320 ,"2,064"
13321 ,"1,175"
13322 ,919
13323 ,"11,238"
13324 ,"2,331"
13325 ,942
13326 ,"5,545"
13327 ,"1,973"
13328 ,"1,328"
13329 ,"3,837"
13331 ,148
13332 ,"2,672"
13333 ,56
13334 ,"1,498"
13335 ,"1,650"
13337 ,634
13338 ,"1,032"
13339 ,"6,784"
13340 ,"7,788"
13341 ,172
13342 ,188
13343 ,"1,830"
13345 ,280
13346 ,"6,457"
13348 ,"1,188"
13350 ,"10,080"
13352 ,293
13353 ,31
13354 ,"3,294"
13355 ,802
13357 ,"11,280"
13360 ,487
13361 ,955
13362 ,208
13363 ,"2,375"
13364 ,110
13365 ,"9,134"
13367 ,"8,565"
13368 ,"1,307"
13402 ,"1,576"
13403 ,"7,579"
13404 ,237
13406 ,674
13407 ,"5,280"
13408 ,"3,834"
13409 ,"2,611"
13410 ,255
13411 ,"3,453"
13413 ,"16,227"
13415 ,41
13416 ,"2,385"
13417 ,"2,925"
13418 ,220
13420 ,"1,278"
13421 ,"14,106"
13424 ,"2,663"
13425 ,"2,348"
13428 ,"1,530"
13431 ,"1,995"
13433 ,"2,000"
13435 ,217
13436 ,64
13437 ,435
13438 ,"3,821"
13439 ,"3,655"
13440 ,"42,221"
13441 ,31
13450 ,104
13452 ,"4,645"
13454 ,688
13456 ,"4,246"
13459 ,"2,069"
13460 ,"4,213"
13461 ,"3,072"
13464 ,"1,093"
13468 ,475
13469 ,"1,163"
13470 ,695
13471 ,"3,442"
13472 ,260
13473 ,639
13475 ,41
13476 ,"2,931"
13477 ,"1,802"
13478 ,"2,750"
13480 ,"3,419"
13483 ,212
13484 ,89
13485 ,994
13486 ,547
13488 ,70
13489 ,598
13490 ,"1,446"
13491 ,"3,741"
13492 ,"11,710"
13493 ,"2,034"
13494 ,361
13495 ,"2,304"
13501 ,"38,464"
13502 ,"32,415"
13601 ,"38,348"
13602 ,"3,633"
13603 ,"10,727"
13605 ,"4,907"
13606 ,"3,101"
13607 ,"1,810"
13608 ,"1,502"
13612 ,"2,904"
13613 ,"2,385"
13614 ,412
13615 ,"1,114"
13616 ,"2,184"
13617 ,"11,243"
13618 ,"1,795"
13619 ,"10,706"
13620 ,"2,101"
13621 ,561
13622 ,"2,980"
13623 ,48
13624 ,"5,636"
13625 ,"1,920"
13626 ,"2,147"
13628 ,211
13630 ,"1,318"
13633 ,352
13634 ,"4,879"
13635 ,831
13636 ,286
13637 ,"3,945"
13638 ,260
13639 ,199
13640 ,288
13641 ,49
13642 ,"9,849"
13643 ,72
13646 ,"2,681"
13647 ,68
13648 ,"2,094"
13650 ,"1,433"
13651 ,185
13652 ,"1,864"
13654 ,"3,000"
13655 ,"3,414"
13656 ,"2,895"
13658 ,"1,979"
13659 ,568
13660 ,"2,019"
13661 ,"1,676"
13662 ,"16,692"
13664 ,439
13665 ,"1,413"
13666 ,361
13667 ,"3,017"
13668 ,"3,484"
13669 ,"16,436"
13670 ,490
13672 ,826
13673 ,"2,228"
13674 ,118
13675 ,89
13676 ,"16,728"
13677 ,240
13678 ,163
13679 ,"1,810"
13680 ,"1,301"
13681 ,823
13682 ,896
13684 ,"1,116"
13685 ,"2,306"
13687 ,543
13690 ,935
13691 ,"2,948"
13692 ,78
13693 ,534
13694 ,"1,581"
13695 ,78
13696 ,63
13697 ,"2,009"
13730 ,"3,185"
13731 ,"1,066"
13732 ,"8,101"
13733 ,"5,332"
13734 ,"2,703"
13736 ,"2,252"
13739 ,911
13740 ,475
13743 ,"3,794"
13744 ,"1,284"
13746 ,"2,216"
13748 ,"3,907"
13750 ,858
13751 ,156
13752 ,729
13753 ,"5,710"
13754 ,"3,561"
13755 ,"1,287"
13756 ,498
13757 ,"1,098"
13760 ,"44,585"
13774 ,317
13775 ,"1,841"
13776 ,551
13777 ,664
13778 ,"5,922"
13780 ,"1,111"
13782 ,611
13783 ,"2,199"
13784 ,132
13786 ,664
13787 ,"3,543"
13788 ,"1,042"
13790 ,"17,858"
13794 ,80
13795 ,"3,638"
13796 ,"1,357"
13797 ,"2,109"
13801 ,"1,169"
13802 ,912
13803 ,"4,153"
13804 ,657
13806 ,260
13807 ,"1,217"
13808 ,"1,362"
13809 ,"1,706"
13810 ,"1,104"
13811 ,"4,228"
13812 ,"2,299"
13813 ,629
13815 ,"13,896"
13820 ,"22,746"
13825 ,"3,522"
13826 ,58
13827 ,"11,649"
13830 ,"5,020"
13832 ,673
13833 ,"4,309"
13834 ,47
13835 ,"1,326"
13838 ,"4,450"
13839 ,"1,214"
13841 ,730
13842 ,702
13843 ,"2,007"
13844 ,847
13845 ,60
13846 ,271
13847 ,48
13849 ,"3,893"
13850 ,"22,080"
13856 ,"6,570"
13859 ,269
13860 ,17
13861 ,419
13862 ,"4,531"
13863 ,793
13864 ,"1,096"
13865 ,"6,373"
13901 ,"19,006"
13902 ,"6,172"
13903 ,"18,735"
13904 ,"9,626"
13905 ,"27,543"
14001 ,"9,790"
14004 ,"12,284"
14005 ,"2,032"
14006 ,"9,612"
14008 ,"1,295"
14009 ,"5,532"
14011 ,"9,957"
14012 ,"2,515"
14013 ,"1,732"
14020 ,"23,120"
14024 ,"1,700"
14025 ,"3,210"
14026 ,712
14028 ,"1,423"
14030 ,"1,767"
14031 ,"9,710"
14032 ,"7,853"
14033 ,"2,252"
14034 ,"3,205"
14035 ,167
14036 ,"5,119"
14037 ,855
14039 ,86
14040 ,"2,365"
14041 ,295
14042 ,"3,783"
14043 ,"24,267"
14047 ,"6,596"
14048 ,"14,718"
14051 ,"20,133"
14052 ,"17,072"
14054 ,"1,189"
14055 ,"1,461"
14057 ,"8,241"
14058 ,"2,190"
14059 ,"9,834"
14060 ,531
14061 ,328
14062 ,"3,311"
14063 ,"14,555"
14065 ,"1,825"
14066 ,"1,149"
14067 ,"5,456"
14068 ,"7,131"
14069 ,738
14070 ,"6,050"
14072 ,"20,580"
14075 ,"42,837"
14080 ,"4,467"
14081 ,"3,167"
14082 ,322
14085 ,"7,167"
14086 ,"32,159"
14091 ,"1,078"
14092 ,"11,595"
14094 ,"50,605"
14098 ,"3,079"
14101 ,"2,171"
14102 ,"1,494"
14103 ,"10,728"
14105 ,"4,247"
14108 ,"5,686"
14109 ,813
14111 ,"3,456"
14112 ,85
14113 ,620
14120 ,"44,800"
14125 ,"3,765"
14126 ,685
14127 ,"30,329"
14129 ,"1,436"
14130 ,234
14131 ,"4,828"
14132 ,"6,933"
14134 ,111
14135 ,143
14136 ,"5,109"
14138 ,"2,250"
14139 ,"2,028"
14141 ,"7,684"
14143 ,"1,076"
14145 ,"1,522"
14150 ,"41,908"
14167 ,"1,765"
14168 ,111
14169 ,320
14170 ,"2,370"
14171 ,"2,005"
14172 ,"3,104"
14173 ,263
14174 ,"5,683"
14201 ,"12,872"
14202 ,"3,570"
14203 ,"1,751"
14204 ,"8,905"
14206 ,"21,670"
14207 ,"23,285"
14208 ,"10,918"
14209 ,"8,597"
14210 ,"13,787"
14211 ,"20,885"
14212 ,"10,974"
14213 ,"23,468"
14214 ,"19,743"
14215 ,"39,786"
14216 ,"22,203"
14217 ,"22,911"
14218 ,"18,943"
14219 ,"10,912"
14220 ,"24,525"
14221 ,"54,109"
14222 ,"14,519"
14223 ,"22,901"
14224 ,"40,002"
14225 ,"33,228"
14226 ,"28,593"
14227 ,"22,950"
14228 ,"21,887"
14261 ,"5,680"
14301 ,"12,965"
14302 ,25
14303 ,"6,073"
14304 ,"28,605"
14305 ,"17,249"
14411 ,"14,493"
14414 ,"7,062"
14415 ,61
14416 ,"3,606"
14418 ,"1,371"
14420 ,"20,638"
14422 ,"2,432"
14423 ,"4,828"
14424 ,"26,862"
14425 ,"11,415"
14427 ,"2,202"
14428 ,"8,003"
14432 ,"6,304"
14433 ,"4,121"
14435 ,"2,894"
14437 ,"11,314"
14441 ,444
14445 ,"7,892"
14450 ,"41,414"
14454 ,"11,124"
14456 ,"19,865"
14462 ,594
14464 ,"7,272"
14466 ,"1,844"
14467 ,"9,784"
14468 ,"18,271"
14469 ,"6,500"
14470 ,"7,930"
14471 ,"2,628"
14472 ,"8,308"
14475 ,227
14476 ,"2,229"
14477 ,"2,089"
14478 ,"1,535"
14479 ,319
14480 ,"1,166"
14481 ,"1,865"
14482 ,"8,265"
14485 ,"4,609"
14486 ,268
14487 ,"5,539"
14489 ,"7,261"
14502 ,"10,698"
14504 ,"1,739"
14505 ,"5,050"
14506 ,"1,374"
14507 ,"1,292"
14510 ,"4,700"
14511 ,379
14512 ,"4,765"
14513 ,"14,001"
14514 ,"6,719"
14516 ,"2,429"
14517 ,"2,989"
14519 ,"11,594"
14521 ,"2,755"
14522 ,"9,288"
14525 ,"2,772"
14526 ,"20,609"
14527 ,"12,923"
14529 ,85
14530 ,"5,392"
14532 ,"4,235"
14533 ,"1,826"
14534 ,"32,399"
14536 ,568
14537 ,164
14539 ,225
14541 ,"4,634"
14542 ,58
14543 ,"3,174"
14544 ,"2,247"
14545 ,173
14546 ,"4,843"
14548 ,"4,056"
14549 ,5
14550 ,"1,764"
14551 ,"5,693"
14555 ,"1,182"
14559 ,"18,336"
14560 ,"1,860"
14561 ,"3,209"
14564 ,"14,382"
14568 ,"6,465"
14569 ,"6,216"
14571 ,"1,123"
14572 ,"5,228"
14580 ,"50,946"
14585 ,69
14586 ,"11,452"
14588 ,259
14589 ,"7,573"
14590 ,"5,199"
14591 ,"1,552"
14592 ,187
14604 ,"1,651"
14605 ,"13,737"
14606 ,"29,076"
14607 ,"16,159"
14608 ,"12,377"
14609 ,"44,103"
14610 ,"13,679"
14611 ,"17,773"
14612 ,"34,668"
14613 ,"12,212"
14614 ,"1,136"
14615 ,"15,579"
14616 ,"28,638"
14617 ,"22,776"
14618 ,"21,367"
14619 ,"15,237"
14620 ,"25,689"
14621 ,"34,576"
14622 ,"12,042"
14623 ,"26,003"
14624 ,"35,918"
14625 ,"9,990"
14626 ,"29,735"
14627 ,"2,703"
14701 ,"40,232"
14706 ,"6,294"
14707 ,261
14708 ,264
14709 ,"1,617"
14710 ,"3,359"
14711 ,"1,976"
14712 ,"3,483"
14714 ,464
14715 ,"2,816"
14716 ,"3,100"
14717 ,602
14718 ,"2,195"
14719 ,"3,501"
14720 ,603
14721 ,78
14722 ,430
14723 ,"1,149"
14724 ,"2,486"
14726 ,"2,193"
14727 ,"5,161"
14728 ,801
14729 ,853
14731 ,"1,374"
14732 ,135
14733 ,"4,352"
14735 ,"2,627"
14736 ,240
14737 ,"3,997"
14738 ,"3,641"
14739 ,"2,699"
14740 ,"1,496"
14741 ,"2,218"
14742 ,215
14743 ,"1,890"
14744 ,"2,265"
14747 ,"2,261"
14748 ,793
14750 ,"4,309"
14752 ,185
14753 ,"1,065"
14754 ,565
14755 ,"3,120"
14756 ,164
14757 ,"3,520"
14760 ,"18,208"
14767 ,"2,021"
14769 ,964
14770 ,"2,836"
14772 ,"4,087"
14774 ,200
14775 ,"2,284"
14777 ,656
14778 ,"1,388"
14779 ,"6,629"
14781 ,"2,181"
14782 ,"2,680"
14783 ,350
14784 ,766
14787 ,"5,030"
14788 ,245
14801 ,"5,638"
14802 ,"4,260"
14803 ,956
14804 ,"1,662"
14805 ,944
14806 ,"2,149"
14807 ,"2,764"
14808 ,475
14809 ,"2,413"
14810 ,"12,444"
14812 ,"3,369"
14813 ,"2,559"
14814 ,"1,984"
14815 ,870
14816 ,442
14817 ,"2,151"
14818 ,"1,598"
14819 ,773
14820 ,655
14821 ,"2,967"
14822 ,"1,415"
14823 ,"3,617"
14824 ,654
14825 ,"1,007"
14826 ,"2,264"
14827 ,95
14830 ,"19,679"
14836 ,"1,127"
14837 ,"5,569"
14838 ,"2,160"
14839 ,744
14840 ,"3,110"
14841 ,909
14842 ,808
14843 ,"13,052"
14845 ,"20,961"
14846 ,785
14847 ,"2,282"
14850 ,"65,647"
14853 ,"2,883"
14854 ,15
14855 ,"1,002"
14856 ,100
14858 ,"1,713"
14859 ,800
14860 ,"1,270"
14861 ,"1,305"
14864 ,"1,107"
14865 ,"2,787"
14867 ,"5,738"
14869 ,"1,343"
14870 ,"10,647"
14871 ,"5,561"
14872 ,650
14873 ,"2,832"
14874 ,166
14877 ,460
14878 ,590
14879 ,"2,231"
14880 ,"1,272"
14881 ,271
14882 ,"3,939"
14883 ,"4,056"
14884 ,185
14885 ,880
14886 ,"7,236"
14889 ,"1,594"
14891 ,"4,655"
14892 ,"8,000"
14893 ,12
14894 ,"1,311"
14895 ,"9,802"
14897 ,921
14898 ,"2,021"
14901 ,"17,019"
14903 ,"6,805"
14904 ,"15,411"
14905 ,"9,414"